product_id,product_name,category,discount_percentage,discounted_price ,actual_price,rating,rating_count
B07JW9H4J1,"Wayona Nylon Braided USB to Lightning Fast Charging and Data Sync Cable Compatible for iPhone 13, 12,11, X, 8, 7, 6, 5, iPad Air, Pro, Mini (3 FT Pack of 1, Grey)",Computers&Accessories|Accessories&Peripherals|Cables&Accessories|Cables|USBCables,64,399,1099,4.2,24269
B098NS6PVG,"Ambrane Unbreakable 60W / 3A Fast Charging 1.5m Braided Type C Cable for Smartphones, Tablets, Laptops & other Type C devices, PD Technology, 480Mbps Data Sync, Quick Charge 3.0 (RCT15A, Black)",Computers&Accessories|Accessories&Peripherals|Cables&Accessories|Cables|USBCables,43,199,349,4,43994
B096MSW6CT,"Sounce Fast Phone Charging Cable & Data Sync USB Cable Compatible for iPhone 13, 12,11, X, 8, 7, 6, 5, iPad Air, Pro, Mini & iOS Devices",Computers&Accessories|Accessories&Peripherals|Cables&Accessories|Cables|USBCables,90,199,1899,3.9,7928
B08HDJ86NZ,"boAt Deuce USB 300 2 in 1 Type-C & Micro USB Stress Resistant, Tangle-Free, Sturdy Cable with 3A Fast Charging & 480mbps Data Transmission, 10000+ Bends Lifespan and Extended 1.5m Length(Martian Red)",Computers&Accessories|Accessories&Peripherals|Cables&Accessories|Cables|USBCables,53,329,699,4.2,94363
B08CF3B7N1,"Portronics Konnect L 1.2M Fast Charging 3A 8 Pin USB Cable with Charge & Sync Function for iPhone, iPad (Grey)",Computers&Accessories|Accessories&Peripherals|Cables&Accessories|Cables|USBCables,61,154,399,4.2,16905
B08Y1TFSP6,"pTron Solero TB301 3A Type-C Data and Fast Charging Cable, Made in India, 480Mbps Data Sync, Strong and Durable 1.5-Meter Nylon Braided USB Cable for Type-C Devices for Charging Adapter (Black)",Computers&Accessories|Accessories&Peripherals|Cables&Accessories|Cables|USBCables,85,149,1000,3.9,24871
B08WRWPM22,"boAt Micro USB 55 Tangle-free, Sturdy Micro USB Cable with 3A Fast Charging & 480mbps Data Transmission (Black)",Computers&Accessories|Accessories&Peripherals|Cables&Accessories|Cables|USBCables,65,176.63,499,4.1,15188
B08DDRGWTJ,MI Usb Type-C Cable Smartphone (Black),Computers&Accessories|Accessories&Peripherals|Cables&Accessories|Cables|USBCables,23,229,299,4.3,30411
B008IFXQFU,"TP-Link USB WiFi Adapter for PC(TL-WN725N), N150 Wireless Network Adapter for Desktop - Nano Size WiFi Dongle Compatible with Windows 11/10/7/8/8.1/XP/ Mac OS 10.9-10.15 Linux Kernel 2.6.18-4.4.3",Computers&Accessories|NetworkingDevices|NetworkAdapters|WirelessUSBAdapters,50,499,999,4.2,179691
B082LZGK39,"Ambrane Unbreakable 60W / 3A Fast Charging 1.5m Braided Micro USB Cable for Smartphones, Tablets, Laptops & Other Micro USB Devices, 480Mbps Data Sync, Quick Charge 3.0 (RCM15, Black)",Computers&Accessories|Accessories&Peripherals|Cables&Accessories|Cables|USBCables,33,199,299,4,43994
B08CF3D7QR,Portronics Konnect L POR-1081 Fast Charging 3A Type-C Cable 1.2Meter with Charge & Sync Function for All Type-C Devices (Grey),Computers&Accessories|Accessories&Peripherals|Cables&Accessories|Cables|USBCables,55,154,339,4.3,13391
B0789LZTCJ,boAt Rugged v3 Extra Tough Unbreakable Braided Micro USB Cable 1.5 Meter (Black),Computers&Accessories|Accessories&Peripherals|Cables&Accessories|Cables|USBCables,63,299,799,4.2,94363
B07KSMBL2H,"AmazonBasics Flexible Premium HDMI Cable (Black, 4K@60Hz, 18Gbps), 3-Foot","Electronics|HomeTheater,TV&Video|Accessories|Cables|HDMICables",69,219,700,4.4,426973
B085DTN6R2,"Portronics Konnect CL 20W POR-1067 Type-C to 8 Pin USB 1.2M Cable with Power Delivery & 3A Quick Charge Support, Nylon Braided for All Type-C and 8 Pin Devices, Green",Computers&Accessories|Accessories&Peripherals|Cables&Accessories|Cables|USBCables,61,350,899,4.2,2262
B09KLVMZ3B,Portronics Konnect L 1.2M POR-1401 Fast Charging 3A 8 Pin USB Cable with Charge & Sync Function (White),Computers&Accessories|Accessories&Peripherals|Cables&Accessories|Cables|USBCables,60,159,399,4.1,4768
B083342NKJ,MI Braided USB Type-C Cable for Charging Adapter (Red),Computers&Accessories|Accessories&Peripherals|Cables&Accessories|Cables|USBCables,13,349,399,4.4,18757
B0B6F7LX4C,MI 80 cm (32 inches) 5A Series HD Ready Smart Android LED TV L32M7-5AIN (Black),"Electronics|HomeTheater,TV&Video|Televisions|SmartTelevisions",44,13999,24999,4.2,32840
B082LSVT4B,"Ambrane Unbreakable 60W / 3A Fast Charging 1.5m Braided Type C to Type C Cable for Smartphones, Tablets, Laptops & Other Type C Devices, PD Technology, 480Mbps Data Sync (RCTT15, Black)",Computers&Accessories|Accessories&Peripherals|Cables&Accessories|Cables|USBCables,38,249,399,4,43994
B08WRBG3XW,"boAt Type C A325 Tangle-free, Sturdy Type C Cable with 3A Rapid Charging & 480mbps Data Transmission(Black)",Computers&Accessories|Accessories&Peripherals|Cables&Accessories|Cables|USBCables,60,199,499,4.1,13045
B08DPLCM6T,LG 80 cm (32 inches) HD Ready Smart LED TV 32LM563BPTC (Dark Iron Gray),"Electronics|HomeTheater,TV&Video|Televisions|SmartTelevisions",39,13490,21990,4.3,11976
B09C6HXFC1,"Duracell USB Lightning Apple Certified (Mfi) Braided Sync & Charge Cable For Iphone, Ipad And Ipod. Fast Charging Lightning Cable, 3.9 Feet (1.2M) - Black",Computers&Accessories|Accessories&Peripherals|Cables&Accessories|Cables|USBCables,46,970,1799,4.5,815
B085194JFL,"tizum HDMI to VGA Adapter Cable 1080P for Projector, Computer, Laptop, TV, Projectors & TV","Electronics|HomeTheater,TV&Video|Accessories|Cables|HDMICables",44,279,499,3.7,10962
B09F6S8BT6,Samsung 80 cm (32 Inches) Wondertainment Series HD Ready LED Smart TV UA32T4340BKXXL (Glossy Black),"Electronics|HomeTheater,TV&Video|Televisions|SmartTelevisions",41,13490,22900,4.3,16299
B09NHVCHS9,Flix Micro Usb Cable For Smartphone (Black),Computers&Accessories|Accessories&Peripherals|Cables&Accessories|Cables|USBCables,70,59,199,4,9378
B0B1YVCJ2Y,Acer 80 cm (32 inches) I Series HD Ready Android Smart LED TV AR32AR2841HDFL (Black),"Electronics|HomeTheater,TV&Video|Televisions|SmartTelevisions",42,11499,19990,4.3,4703
B01M4GGIVU,Tizum High Speed HDMI Cable with Ethernet | Supports 3D 4K | for All HDMI Devices Laptop Computer Gaming Console TV Set Top Box (1.5 Meter/ 5 Feet),"Electronics|HomeTheater,TV&Video|Accessories|Cables|HDMICables",72,199,699,4.2,12153
B08B42LWKN,OnePlus 80 cm (32 inches) Y Series HD Ready LED Smart Android TV 32Y1 (Black),"Electronics|HomeTheater,TV&Video|Televisions|SmartTelevisions",25,14999,19999,4.2,34899
B094JNXNPV,"Ambrane Unbreakable 3 in 1 Fast Charging Braided Multipurpose Cable for Speaker with 2.1 A Speed - 1.25 meter, Black",Computers&Accessories|Accessories&Peripherals|Cables&Accessories|Cables|USBCables,25,299,399,4,2766
B09W5XR9RT,"Duracell USB C To Lightning Apple Certified (Mfi) Braided Sync & Charge Cable For Iphone, Ipad And Ipod. Fast Charging Lightning Cable, 3.9 Feet (1.2M) - Black",Computers&Accessories|Accessories&Peripherals|Cables&Accessories|Cables|USBCables,51,970,1999,4.4,184
B077Z65HSD,"boAt A400 USB Type-C to USB-A 2.0 Male Data Cable, 2 Meter (Black)",Computers&Accessories|Accessories&Peripherals|Cables&Accessories|Cables|USBCables,70,299,999,4.3,20850
B00NH11PEY,"AmazonBasics USB 2.0 - A-Male to A-Female Extension Cable for Personal Computer, Printer (Black, 9.8 Feet/3 Meters)",Computers&Accessories|Accessories&Peripherals|Cables&Accessories|Cables|USBCables,73,199,750,4.5,74976
B09CMM3VGK,"Ambrane 60W / 3A Type C Fast Charging Unbreakable 1.5m L Shaped Braided Cable, PD Technology, 480Mbps Data Transfer for Smartphones, Tablet, Laptops & other type c devices (ABLC10, Black)",Computers&Accessories|Accessories&Peripherals|Cables&Accessories|Cables|USBCables,64,179,499,4,1934
B08QSC1XY8,"Zoul USB C 60W Fast Charging 3A 6ft/2M Long Type C Nylon Braided Data Cable Quick Charger Cable QC 3.0 for Samsung Galaxy M31S M30 S10 S9 S20 Plus, Note 10 9 8, A20e A40 A50 A70 (2M, Grey)",Computers&Accessories|Accessories&Peripherals|Cables&Accessories|Cables|USBCables,65,389,1099,4.3,974
B008FWZGSG,"Samsung Original Type C to C Cable - 3.28 Feet (1 Meter), White",Computers&Accessories|Accessories&Peripherals|Cables&Accessories|Cables|USBCables,0,599,599,4.3,355
B0B4HJNPV4,"pTron Solero T351 3.5Amps Fast Charging Type-C to Type-C PD Data & Charging USB Cable, Made in India, 480Mbps Data Sync, Durable 1 Meter Long Cable for Type-C Smartphones, Tablets & Laptops (Black)",Computers&Accessories|Accessories&Peripherals|Cables&Accessories|Cables|USBCables,80,199,999,3.9,1075
B08Y1SJVV5,"pTron Solero MB301 3A Micro USB Data & Charging Cable, Made in India, 480Mbps Data Sync, Strong & Durable 1.5-Meter Nylon Braided USB Cable for Micro USB Devices - (Black)",Computers&Accessories|Accessories&Peripherals|Cables&Accessories|Cables|USBCables,85,99,666.66,3.9,24871
B07XLCFSSN,"Amazonbasics Nylon Braided Usb-C To Lightning Cable, Fast Charging Mfi Certified Smartphone, Iphone Charger (6-Foot, Dark Grey)",Computers&Accessories|Accessories&Peripherals|Cables&Accessories|Cables|USBCables,53,899,1900,4.4,13552
B09RZS1NQT,"Sounce 65W OnePlus Dash Warp Charge Cable, 6.5A Type-C to USB C PD Data Sync Fast Charging Cable Compatible with One Plus 8T/ 9/ 9R/ 9 pro/ 9RT/ 10R/ Nord & for All Type C Devices – Red, 1 Meter",Computers&Accessories|Accessories&Peripherals|Cables&Accessories|Cables|USBCables,80,199,999,4,576
B0B3MMYHYW,OnePlus 126 cm (50 inches) Y Series 4K Ultra HD Smart Android LED TV 50Y1S Pro (Black),"Electronics|HomeTheater,TV&Video|Televisions|SmartTelevisions",28,32999,45999,4.2,7298
B09C6HWG18,"Duracell Type C To Type C 5A (100W) Braided Sync & Fast Charging Cable, 3.9 Feet (1.2M). USB C to C Cable, Supports PD & QC 3.0 Charging, 5 GBPS Data Transmission – Black",Computers&Accessories|Accessories&Peripherals|Cables&Accessories|Cables|USBCables,51,970,1999,4.2,462
B00NH11KIK,"AmazonBasics USB 2.0 Cable - A-Male to B-Male - for Personal Computer, Printer- 6 Feet (1.8 Meters), Black",Computers&Accessories|Accessories&Peripherals|Cables&Accessories|Cables|USBCables,70,209,695,4.5,107687
B09JPC82QC,Mi 108 cm (43 inches) Full HD Android LED TV 4C | L43M6-INC (Black),"Electronics|HomeTheater,TV&Video|Televisions|SmartTelevisions",43,19999,34999,4.3,27151
B07JW1Y6XV,"Wayona Nylon Braided 3A Lightning to USB A Syncing and Fast Charging Data Cable for iPhone, Ipad (3 FT Pack of 1, Black)",Computers&Accessories|Accessories&Peripherals|Cables&Accessories|Cables|USBCables,64,399,1099,4.2,24269
B07KRCW6LZ,"TP-Link Nano AC600 USB Wi-Fi Adapter(Archer T2U Nano)- 2.4G/5G Dual Band Wireless Network Adapter for PC Desktop Laptop, Mini Travel Size, Supports Windows 11,10, 8.1, 8, 7, XP/Mac OS 10.9-10.15",Computers&Accessories|NetworkingDevices|NetworkAdapters|WirelessUSBAdapters,38,999,1599,4.3,12093
B09NJN8L25,"FLiX (Beetel USB to Micro USB PVC Data Sync & 2A Fast Charging Cable, Made in India, 480Mbps Data Sync, Solid Cable, 1 Meter Long USB Cable for Micro USB Devices (White)(XCD-M11)",Computers&Accessories|Accessories&Peripherals|Cables&Accessories|Cables|USBCables,70,59,199,4,9378
B07XJYYH7L,"Wecool Nylon Braided Multifunction Fast Charging Cable For Android Smartphone, Ios And Type C Usb Devices, 3 In 1 Charging Cable, 3A, (3 Feet) (Black)",Computers&Accessories|Accessories&Peripherals|Cables&Accessories|Cables|USBCables,67,333,999,3.3,9792
B002PD61Y4,D-Link DWA-131 300 Mbps Wireless Nano USB Adapter (Black),Computers&Accessories|NetworkingDevices|NetworkAdapters|WirelessUSBAdapters,58,507,1208,4.1,8131
B014I8SSD0,"Amazon Basics High-Speed HDMI Cable, 6 Feet - Supports Ethernet, 3D, 4K video,Black","Electronics|HomeTheater,TV&Video|Accessories|Cables|HDMICables",35,309,475,4.4,426973
B09L8DSSFH,7SEVEN® Compatible for Samsung Smart 4K Ultra HD TV Monitor Remote Control Replacement of Original Samsung TV Remote for LED OLED UHD QLED and Suitable for 6 7 8 Series Samsung TV with Hot Keys BN59-01259E,"Electronics|HomeTheater,TV&Video|Accessories|RemoteControls",60,399,999,3.6,493
B07232M876,"Amazonbasics Micro Usb Fast Charging Cable For Android Smartphone,Personal Computer,Printer With Gold Plated Connectors (6 Feet, Black)",Computers&Accessories|Accessories&Peripherals|Cables&Accessories|Cables|USBCables,50,199,395,4.2,92595
B07P681N66,"TP-Link AC600 600 Mbps WiFi Wireless Network USB Adapter for Desktop PC with 2.4GHz/5GHz High Gain Dual Band 5dBi Antenna Wi-Fi, Supports Windows 11/10/8.1/8/7/XP, Mac OS 10.15 and earlier (Archer T2U Plus)",Computers&Accessories|NetworkingDevices|NetworkAdapters|WirelessUSBAdapters,45,1199,2199,4.4,24780
B0711PVX6Z,"AmazonBasics Micro USB Fast Charging Cable for Android Phones with Gold Plated Connectors (3 Feet, Black)",Computers&Accessories|Accessories&Peripherals|Cables&Accessories|Cables|USBCables,64,179,500,4.2,92595
B082T6V3DT,"AmazonBasics New Release Nylon USB-A to Lightning Cable Cord, Fast Charging MFi Certified Charger for Apple iPhone, iPad (6-Ft, Rose Gold)",Computers&Accessories|Accessories&Peripherals|Cables&Accessories|Cables|USBCables,62,799,2100,4.3,8188
B07MKFNHKG,VW 80 cm (32 inches) Frameless Series HD Ready LED TV VW32A (Black),"Electronics|HomeTheater,TV&Video|Televisions|StandardTelevisions",46,6999,12999,4.2,4003
B0BFWGBX61,"Ambrane Unbreakable 3A Fast Charging Braided Type C Cable    1.5 Meter (RCT15, Blue) Supports QC 2.0/3.0 Charging",Computers&Accessories|Accessories&Peripherals|Cables&Accessories|Cables|USBCables,43,199,349,4.1,314
B01N90RZ4M,Tata Sky Universal Remote,"Electronics|HomeTheater,TV&Video|Accessories|RemoteControls",54,230,499,3.7,2960
B0088TKTY2,"TP-LINK WiFi Dongle 300 Mbps Mini Wireless Network USB Wi-Fi Adapter for PC Desktop Laptop(Supports Windows 11/10/8.1/8/7/XP, Mac OS 10.9-10.15 and Linux, WPS, Soft AP Mode, USB 2.0) (TL-WN823N),Black",Computers&Accessories|NetworkingDevices|NetworkAdapters|WirelessUSBAdapters,54,649,1399,4.2,179691
B09Q5SWVBJ,OnePlus 80 cm (32 inches) Y Series HD Ready Smart Android LED TV 32 Y1S (Black),"Electronics|HomeTheater,TV&Video|Televisions|SmartTelevisions",27,15999,21999,4.2,34899
B0B4DT8MKT,"Wecool Unbreakable 3 in 1 Charging Cable with 3A Speed, Fast Charging Multi Purpose Cable 1.25 Mtr Long, Type C cable, Micro Usb Cable and Cable for iPhone, White",Computers&Accessories|Accessories&Peripherals|Cables&Accessories|Cables|USBCables,77,348,1499,4.2,656
B08CDKQ8T6,"Portronics Konnect L 1.2Mtr, Fast Charging 3A Micro USB Cable with Charge & Sync Function (Grey)",Computers&Accessories|Accessories&Peripherals|Cables&Accessories|Cables|USBCables,56,154,349,4.3,7064
B07B275VN9,"Airtel DigitalTV DTH Television, Setup Box Remote Compatible for SD and HD Recording (Black)","Electronics|HomeTheater,TV&Video|Accessories|RemoteControls",78,179,799,3.7,2201
B0B15CPR37,Samsung 108 cm (43 inches) Crystal 4K Neo Series Ultra HD Smart LED TV UA43AUE65AKXXL (Black),"Electronics|HomeTheater,TV&Video|Televisions|SmartTelevisions",31,32990,47900,4.3,7109
B0994GFWBH,Lapster 1.5 mtr USB 2.0 Type A Male to USB A Male Cable for computer and laptop,Computers&Accessories|Accessories&Peripherals|Cables&Accessories|Cables|USBCables,86,139,999,4,1313
B01GGKZ0V6,AmazonBasics USB Type-C to USB Type-C 2.0 Cable - 3 Feet Laptop (0.9 Meters) - White,Computers&Accessories|Accessories&Peripherals|Cables&Accessories|Cables|USBCables,61,329,845,4.2,29746
B09F9YQQ7B,Redmi 80 cm (32 inches) Android 11 Series HD Ready Smart LED TV | L32M6-RA/L32M7-RA (Black),"Electronics|HomeTheater,TV&Video|Televisions|SmartTelevisions",44,13999,24999,4.2,45238
B014I8SX4Y,"Amazon Basics High-Speed HDMI Cable, 6 Feet (2-Pack),Black","Electronics|HomeTheater,TV&Video|Accessories|Cables|HDMICables",78,309,1400,4.4,426973
B09Q8HMKZX,"Portronics Konnect L 20W PD Quick Charge Type-C to 8-Pin USB Mobile Charging Cable, 1.2M, Tangle Resistant, Fast Data Sync(Grey)",Computers&Accessories|Accessories&Peripherals|Cables&Accessories|Cables|USBCables,62,263,699,4.1,450
B0B9XN9S3W,Acer 80 cm (32 inches) N Series HD Ready TV AR32NSV53HD (Black),"Electronics|HomeTheater,TV&Video|Televisions|StandardTelevisions",47,7999,14990,4.3,457
B07966M8XH,"Model-P4 6 Way Swivel Tilt Wall Mount 32-55-inch Full Motion Cantilever for LED,LCD and Plasma TV's","Electronics|HomeTheater,TV&Video|Accessories|TVMounts,Stands&Turntables|TVWall&CeilingMounts",47,1599,2999,4.2,2727
B01GGKYKQM,"Amazon Basics USB Type-C to USB-A 2.0 Male Fast Charging Cable for Laptop - 3 Feet (0.9 Meters), Black",Computers&Accessories|Accessories&Peripherals|Cables&Accessories|Cables|USBCables,69,219,700,4.3,20053
B0B86CDHL1,"oraimo 65W Type C to C Fast Charging Cable USB C to USB C Cable High Speed Syncing, Nylon Braided 1M length with LED Indicator Compatible For Laptop, Macbook, Samsung Galaxy S22 S20 S10 S20Fe S21 S21 Ultra A70 A51 A71 A50S M31 M51 M31S M53 5G",Computers&Accessories|Accessories&Peripherals|Cables&Accessories|Cables|USBCables,61,349,899,4.5,149
B0B5ZF3NRK,"CEDO 65W OnePlus Dash Warp Charge Cable, USB A to Type C Data Sync Fast Charging Cable Compatible with One Plus 3 /3T /5 /5T /6 /6T /7 /7T /7 pro & for All Type C Devices - 1 Meter, Red",Computers&Accessories|Accessories&Peripherals|Cables&Accessories|Cables|USBCables,42,349,599,4.1,210
B09RFC46VP,Redmi 108 cm (43 inches) 4K Ultra HD Android Smart LED TV X43 | L43R7-7AIN (Black),"Electronics|HomeTheater,TV&Video|Televisions|SmartTelevisions",37,26999,42999,4.2,45238
B08R69VDHT,"Pinnaclz Original Combo of 2 Micro USB Fast Charging Cable, USB Charging Cable for Data Transfer Perfect for Android Smart Phones White 1.2 Meter Made in India (Pack of 2)",Computers&Accessories|Accessories&Peripherals|Cables&Accessories|Cables|USBCables,77,115,499,4,7732
B09RWZRCP1,"boAt Type C A750 Stress Resistant, Tangle-free, Sturdy Flat Cable with 6.5A Fast Charging & 480Mbps Data Transmission, 10000+ Bends Lifespan and Extended 1.5m Length(Rebellious Black)",Computers&Accessories|Accessories&Peripherals|Cables&Accessories|Cables|USBCables,60,399,999,4.1,1780
B09CMP1SC8,"Ambrane 2 in 1 Type-C & Micro USB Cable with 60W / 3A Fast Charging, 480 mbps High Data, PD Technology & Quick Charge 3.0, Compatible with All Type-C & Micro USB Devices (ABDC-10, Black)",Computers&Accessories|Accessories&Peripherals|Cables&Accessories|Cables|USBCables,60,199,499,4.1,602
B09YLXYP7Y,"Ambrane 60W / 3A Fast Charging Output Cable with Type-C to USB for Mobile, Neckband, True Wireless Earphone Charging, 480mbps Data Sync Speed, 1m Length (ACT - AZ10, Black)",Computers&Accessories|Accessories&Peripherals|Cables&Accessories|Cables|USBCables,55,179,399,4,1423
B09ZPM4C2C,TCL 80 cm (32 inches) HD Ready Certified Android Smart LED TV 32S5205 (Black),"Electronics|HomeTheater,TV&Video|Televisions|SmartTelevisions",65,10901,30990,4.1,398
B0B2DJDCPX,"SWAPKART Fast Charging Cable and Data Sync USB Cable Compatible for iPhone 6/6S/7/7+/8/8+/10/11, 12, 13 Pro max iPad Air/Mini, iPod and iOS Devices (White)",Computers&Accessories|Accessories&Peripherals|Cables&Accessories|Cables|USBCables,58,209,499,3.9,536
B0BCZCQTJX,Firestick Remote,"Electronics|HomeTheater,TV&Video|Accessories|RemoteControls",64,1434,3999,4,32
B07LGT55SJ,"Wayona Usb Nylon Braided Data Sync And Charging Cable For Iphone, Ipad Tablet (Red, Black)",Computers&Accessories|Accessories&Peripherals|Cables&Accessories|Cables|USBCables,64,399,1099,4.2,24269
B09NKZXMWJ,"Flix (Beetel) Usb To Type C Pvc Data Sync And 2A 480Mbps Data Sync, Tough Fast Charging Long Cable For Usb Type C Devices, Charging Adapter (White, 1 Meter) - Xcd-C12",Computers&Accessories|Accessories&Peripherals|Cables&Accessories|Cables|USBCables,44,139,249,4,9378
B08QX1CC14,SKYWALL 81.28 cm (32 inches) HD Ready Smart LED TV 32SWELS-PRO (Black),"Electronics|HomeTheater,TV&Video|Televisions|SmartTelevisions",62,7299,19125,3.4,902
B0974H97TJ,"boAt A 350 Type C Cable for Smartphone, Charging Adapter (1.5m, Carbon Black)",Computers&Accessories|Accessories&Peripherals|Cables&Accessories|Cables|USBCables,63,299,799,4.4,28791
B07GVGTSLN,"Wayona Usb Type C Fast Charger Cable Fast Charging Usb C Cable/Cord Compatible For Samsung Galaxy S10E S10 S9 S8 Plus S10+,Note 10 Note 9 Note 8,S20,M31S,M40,Realme X3,Pixel 2 Xl (3 Ft Pack Of 1,Grey)",Computers&Accessories|Accessories&Peripherals|Cables&Accessories|Cables|USBCables,75,325,1299,4.2,10576
B09VCHLSJF,OnePlus 108 cm (43 inches) Y Series 4K Ultra HD Smart Android LED TV 43Y1S Pro (Black),"Electronics|HomeTheater,TV&Video|Televisions|SmartTelevisions",25,29999,39999,4.2,7298
B0B1YZX72F,Acer 127 cm (50 inches) I Series 4K Ultra HD Android Smart LED TV AR50AR2851UDFL (Black),"Electronics|HomeTheater,TV&Video|Televisions|SmartTelevisions",32,27999,40990,4.3,4703
B092BJMT8Q,Samsung 108 cm (43 inches) Crystal 4K Series Ultra HD Smart LED TV UA43AUE60AKLXL (Black),"Electronics|HomeTheater,TV&Video|Televisions|SmartTelevisions",41,30990,52900,4.3,7109
B0BMXMLSMM,"Lapster 65W compatible for OnePlus Dash Warp Charge Cable , type c to c cable fast charging Data Sync Cable Compatible with One Plus 10R / 9RT/ 9 pro/ 9R/ 8T/ 9/ Nord & for All Type C Devices – Red, 1 Meter",Computers&Accessories|Accessories&Peripherals|Cables&Accessories|Cables|USBCables,80,199,999,4.5,127
B07JH1C41D,"Wayona Nylon Braided (2 Pack) Lightning Fast Usb Data Cable Fast Charger Cord For Iphone, Ipad Tablet (3 Ft Pack Of 2, Grey)",Computers&Accessories|Accessories&Peripherals|Cables&Accessories|Cables|USBCables,68,649,1999,4.2,24269
B0141EZMAI,"Gizga Essentials USB WiFi Adapter for PC, 150 Mbps Wireless Network Adapter for Desktop - Nano Size WiFi Dongle Compatible with Windows, Mac OS & Linux Kernel | WPA/WPA2 Encryption Standards| Black",Computers&Accessories|NetworkingDevices|NetworkAdapters|WirelessUSBAdapters,66,269,800,3.6,10134
B09Q5P2MT3,OnePlus 108 cm (43 inches) Y Series Full HD Smart Android LED TV 43 Y1S (Black),"Electronics|HomeTheater,TV&Video|Televisions|SmartTelevisions",22,24999,31999,4.2,34899
B08HDH26JX,"boAt Deuce USB 300 2 in 1 Type-C & Micro USB Stress Resistant, Sturdy Cable with 3A Fast Charging & 480mbps Data Transmission, 10000+ Bends Lifespan and Extended 1.5m Length(Mercurial Black)",Computers&Accessories|Accessories&Peripherals|Cables&Accessories|Cables|USBCables,57,299,699,4.2,94363
B09VT6JKRP,Lapster USB 3.0 A to Micro B SuperSpeed for hard disk cable - short cable,Computers&Accessories|Accessories&Peripherals|Cables&Accessories|Cables|USBCables,80,199,999,4.1,425
B09T3KB6JZ,TCL 100 cm (40 inches) Full HD Certified Android R Smart LED TV 40S6505 (Black),"Electronics|HomeTheater,TV&Video|Televisions|SmartTelevisions",54,18990,40990,4.2,6659
B093QCY6YJ,"ZEBRONICS ZEB-USB150WF1 WiFi USB Mini Adapter Supports 150 Mbps Wireless Data, Comes with Advanced Security WPA/WPA2 encryption Standards",Computers&Accessories|NetworkingDevices|NetworkAdapters|WirelessUSBAdapters,17,290,349,3.7,1977
B093ZNQZ2Y,"LOHAYA Remote Compatible for Mi Smart LED TV 4A Remote Control (32""/43"") [ Compatible for Mi Tv Remote Control ] [ Compatible for Mi Smart LED Tv Remote Control ]","Electronics|HomeTheater,TV&Video|Accessories|RemoteControls",69,249,799,3.8,1079
B08LKS3LSP,"Gilary Multi Charging Cable, 3 in 1 Nylon Braided Fast Charging Cable for iPhone Micro USB Type C Mobile Phone | Colour May Vary |",Computers&Accessories|Accessories&Peripherals|Cables&Accessories|Cables|USBCables,65,345,999,3.7,1097
B00V4BGDKU,TP-Link UE300 USB 3.0 to RJ45 Gigabit Ethernet Network Adapter - Plug and Play,Computers&Accessories|NetworkingDevices|NetworkAdapters|WirelessUSBAdapters,42,1099,1899,4.5,22420
B08CHKQ8D4,"Wayona Type C to Lightning MFI Certified 20W Fast charging Nylon Braided USB C Cable for iPhone 14, 14 Pro, 14 Pro Max, 14 Plus, 13, 13 Pro, 13 Pro Max, 13 Mini, 12, 12 Pro, 11, 11 Pro Max iPhone 12 Mini, X, 8 (2M, Grey)",Computers&Accessories|Accessories&Peripherals|Cables&Accessories|Cables|USBCables,52,719,1499,4.1,1045
B09BW334ML,Dealfreez Case Compatible with Fire TV Stick 3rd Gen 2021 Full Wrap Silicone Remote Cover Anti-Lost with Loop (D-Black),"Electronics|HomeTheater,TV&Video|Accessories|RemoteControls",77,349,1499,4.3,4145
B082T6GVLJ,"Amazon Basics New Release Nylon USB-A to Lightning Cable Cord, Fast Charging MFi Certified Charger for Apple iPhone, iPad (3-Ft, Rose Gold)",Computers&Accessories|Accessories&Peripherals|Cables&Accessories|Cables|USBCables,53,849,1809,4.3,6547
B07DL1KC3H,Isoelite Remote Compatible for Samsung LED/LCD Remote Control Works with All Samsung LED/LCD TV Model No :- BN59-607A (Please Match The Image with Your Old Remote),"Electronics|HomeTheater,TV&Video|Accessories|RemoteControls",67,299,899,4,1588
B0B6F98KJJ,MI 100 cm (40 inches) 5A Series Full HD Smart Android LED TV with 24W Dolby Audio & Metal Bezel-Less Frame (Black) (2022 Model),"Electronics|HomeTheater,TV&Video|Televisions|SmartTelevisions",27,21999,29999,4.2,32840
B07JNVF678,"Wayona Nylon Braided USB Data Sync and Fast Charging 3A Short Power Bank Cable For iPhones, iPad Air, iPad mini, iPod Nano and iPod Touch (Grey)",Computers&Accessories|Accessories&Peripherals|Cables&Accessories|Cables|USBCables,65,349,999,4.2,13120
B09QGZFBPM,"Wayona Type C To Type C Long Fast Charging Cable Type C Charger Cord Compatible With Samsung S22 S20 S20 Fe 2022 S22 Ultra S21 Ultra A70 A51 A53 A33 A73 M51 M31 M33 M53 (Grey, 2M, 65W, 6Ft)",Computers&Accessories|Accessories&Peripherals|Cables&Accessories|Cables|USBCables,60,399,999,4.3,2806
B07JGDB5M1,"Wayona Nylon Braided 2M / 6Ft Fast Charge Usb To Lightning Data Sync And Charging Cable For Iphone, Ipad Tablet (6 Ft Pack Of 1, Grey)",Computers&Accessories|Accessories&Peripherals|Cables&Accessories|Cables|USBCables,65,449,1299,4.2,24269
B0981XSZJ7,CROSSVOLT Compatible Dash/Warp Data Sync Fast Charging Cable Supported for All C Type Devices (Cable),Computers&Accessories|Accessories&Peripherals|Cables&Accessories|Cables|USBCables,70,299,999,4.3,766
B0B9XLX8VR,VU 139 cm (55 inches) The GloLED Series 4K Smart LED Google TV 55GloLED (Grey),"Electronics|HomeTheater,TV&Video|Televisions|SmartTelevisions",42,37999,65000,4.3,3587
B08Y5KXR6Z,"PTron Solero T241 2.4A Type-C Data & Charging USB Cable, Made in India, 480Mbps Data Sync, Durable 1-Meter Long USB Cable for Type-C USB Devices for Charging Adapter (Black)",Computers&Accessories|Accessories&Peripherals|Cables&Accessories|Cables|USBCables,88,99,800,3.9,24871
B09F6VHQXB,"Croma 80 cm (32 Inches) HD Ready LED TV (CREL7369, Black) (2021 Model)","Electronics|HomeTheater,TV&Video|Televisions|StandardTelevisions",63,7390,20000,4.1,2581
B0974G5Q2Y,"boAt Laptop, Smartphone Type-c A400 Male Data Cable (Carbon Black)",Computers&Accessories|Accessories&Peripherals|Cables&Accessories|Cables|USBCables,73,273.1,999,4.3,20850
B09YL9SN9B,LG 80 cm (32 inches) HD Ready Smart LED TV 32LQ576BPSA (Ceramic Black),"Electronics|HomeTheater,TV&Video|Televisions|SmartTelevisions",33,15990,23990,4.3,1035
B09RX1FK54,"boAt Type C A750 Stress Resistant, Tangle-free, Sturdy Flat Cable with 6.5A Fast Charging & 480Mbps Data Transmission, 10000+ Bends Lifespan and Extended 1.5m Length(Radiant Red)",Computers&Accessories|Accessories&Peripherals|Cables&Accessories|Cables|USBCables,60,399,999,4.1,1780
B09TT6BFDX,Cotbolt Silicone Protective Case Cover for LG an MR21GA Magic Remote Shockproof for LG Smart TV Remote 2021 Protective Skin Waterproof Anti Lost (Black) (Remote Not Included),"Electronics|HomeTheater,TV&Video|Accessories|RemoteControls",80,399,1999,4.5,505
B09KH58JZR,Portronics Konnect L POR-1403 Fast Charging 3A Type-C Cable 1.2 Meter with Charge & Sync Function for All Type-C Devices (White),Computers&Accessories|Accessories&Peripherals|Cables&Accessories|Cables|USBCables,47,210,399,4.1,1717
B09DDCQFMT,Electvision Remote Control Compatible with Amazon Fire tv Stick (Pairing Manual Will be Back Side Remote Control)(P),"Electronics|HomeTheater,TV&Video|Accessories|RemoteControls",35,1299,1999,3.6,590
B08RP2L2NL,"King Shine Multi Retractable 3.0A Fast Charger Cord, Multiple Charging Cable 4Ft/1.2m 3-in-1 USB Charge Cord Compatible with Phone/Type C/Micro USB for All Android and iOS Smartphones (Random Colour)",Computers&Accessories|Accessories&Peripherals|Cables&Accessories|Cables|USBCables,65,347,999,3.5,1121
B0B4G2MWSB,"Lapster 5 pin mini usb cable, usb b cable,camera cable usb2.0 for External HDDS/Card Readers/Camera etc.",Computers&Accessories|Accessories&Peripherals|Cables&Accessories|Cables|USBCables,85,149,999,4,1313
B0B21C4BMX,"Portronics Konnect Spydr 31 3-in-1 Multi Functional Cable with 3.0A Output, Tangle Resistant, 1.2M Length, Nylon Braided(Zebra)",Computers&Accessories|Accessories&Peripherals|Cables&Accessories|Cables|USBCables,75,228,899,3.8,132
B084MZXJNK,"Belkin Apple Certified Lightning To Type C Cable, Tough Unbreakable Braided Fast Charging For Iphone, Ipad, Air Pods, 3.3 Feet (1 Meters)    White",Computers&Accessories|Accessories&Peripherals|Cables&Accessories|Cables|USBCables,20,1599,1999,4.4,1951
B0BHZCNC4P,Remote Control Compatible for Amazon Fire Tv Stick Remote Control [ 3rd Gen ](Not Compatible for Fire TV Edition Smart TV) from basesailor,"Electronics|HomeTheater,TV&Video|Accessories|RemoteControls",63,1499,3999,3.7,37
B0B16KD737,VW 80 cm (32 inches) Playwall Frameless Series HD Ready Android Smart LED TV VW3251 (Black),"Electronics|HomeTheater,TV&Video|Televisions|SmartTelevisions",47,8499,15999,4.3,592
B099K9ZX65,Hisense 108 cm (43 inches) 4K Ultra HD Smart Certified Android LED TV 43A6GE (Black),"Electronics|HomeTheater,TV&Video|Televisions|SmartTelevisions",53,20990,44990,4.1,1259
B08Y55LPBF,Redmi 126 cm (50 inches) 4K Ultra HD Android Smart LED TV X50 | L50M6-RA (Black),"Electronics|HomeTheater,TV&Video|Televisions|SmartTelevisions",27,32999,44999,4.2,45238
B015OW3M1W,AmazonBasics 6-Feet DisplayPort (not USB port) to HDMI Cable Black,"Electronics|HomeTheater,TV&Video|Accessories|Cables|HDMICables",53,799,1700,4.1,28638
B01D5H8ZI8,AmazonBasics 3 Feet High Speed HDMI Male to Female 2.0 Extension Cable,"Electronics|HomeTheater,TV&Video|Accessories|Cables|HDMICables",62,229,595,4.3,12835
B09X1M3DHX,iFFALCON 80 cm (32 inches) HD Ready Smart LED TV 32F53 (Black),"Electronics|HomeTheater,TV&Video|Televisions|SmartTelevisions",64,9999,27990,4.2,1269
B09MM6P76N,7SEVEN® Compatible Lg Smart Tv Remote Suitable for Any LG LED OLED LCD UHD Plasma Android Television and AKB75095303 replacement of Original Lg Tv Remote Control,"Electronics|HomeTheater,TV&Video|Accessories|RemoteControls",42,349,599,4.2,284
B01D5H8LDM,"AmazonBasics 3.5mm to 2-Male RCA Adapter Cable For Tablet, Smartphone (Black, 15 feet)","Electronics|HomeTheater,TV&Video|Accessories|Cables|RCACables",59,489,1200,4.4,69538
B0B1YY6JJL,Acer 109 cm (43 inches) I Series 4K Ultra HD Android Smart LED TV AR43AR2851UDFL (Black),"Electronics|HomeTheater,TV&Video|Televisions|SmartTelevisions",31,23999,34990,4.3,4703
B09QGZM8QB,"Wayona Usb Type C 65W 6Ft/2M Long Fast Charging Cable Compatible For Samsung S22 S20 Fe S21 Ultra A33 A53 A01 A73 A70 A51 M33 M53 M51 M31(2M, Black)",Computers&Accessories|Accessories&Peripherals|Cables&Accessories|Cables|USBCables,60,399,999,4.3,2806
B08L4SBJRY,"Saifsmart Outlet Wall Mount Hanger Holder for Dot 3rd Gen, Compact Bracket Case Plug and Built-in Cable Management for Kitchen Bathroom, Bedroom (Black)",Electronics|HomeAudio|Accessories|SpeakerAccessories|Mounts,73,349,1299,4,3295
B09X79PP8F,"MI 2-in-1 USB Type C Cable (Micro USB to Type C) 30cm for Smartphone, Headphone, Laptop (White)",Computers&Accessories|Accessories&Peripherals|Cables&Accessories|Cables|USBCables,40,179,299,3.9,81
B082T6GVG9,"AmazonBasics New Release ABS USB-A to Lightning Cable Cord, Fast Charging MFi Certified Charger for Apple iPhone, iPad Tablet (3-Ft, White)",Computers&Accessories|Accessories&Peripherals|Cables&Accessories|Cables|USBCables,54,689,1500,4.2,42301
B0B3XY5YT4,LG 108 cm (43 inches) 4K Ultra HD Smart LED TV 43UQ7500PSF (Ceramic Black),"Electronics|HomeTheater,TV&Video|Televisions|SmartTelevisions",38,30990,49990,4.3,1376
B0B4HKH19N,"pTron Solero 331 3.4Amps Multifunction Fast Charging Cable, 3-in-1 USB Cable Micro USB/Type-C/iOS, Made in India, Durable & Strong & Tangle-free 118cm in Length (Black)",Computers&Accessories|Accessories&Peripherals|Cables&Accessories|Cables|USBCables,73,249,931,3.9,1075
B08TGG316Z,"10k 8k 4k HDMI Cable, Certified 48Gbps 1ms Ultra High Speed HDMI 2.1 Cable 4k 120Hz 144Hz 2k 165Hz 8k 60Hz Dynamic HDR ARC eARC DTS:X Compatible for Mac Gaming PC Soundbar TV Monitor Laptop PS5 4 Xbox","Electronics|HomeTheater,TV&Video|Accessories|Cables|HDMICables",58,999,2399,4.6,3664
B071VMP1Z4,LRIPL Compatible Sony Bravia LCD/led Remote Works with Almost All Sony led/LCD tv's,"Electronics|HomeTheater,TV&Video|Accessories|RemoteControls",0,399,399,3.9,1951
B071SDRGWL,"boAt Type-c A400 Type-c to USB A Cable for All Type C Phones (Lg nexus 5x), 1Mtr(Black)",Computers&Accessories|Accessories&Peripherals|Cables&Accessories|Cables|USBCables,50,349,699,4.3,20850
B08PSQRW2T,"Zoul Type C to Type C Fast Charging Cable 65W 2M/6ft USB C Nylon Braided Cord Compatible with MacBook Oneplus 9 9R Samsung Galaxy S21 Ultra S20+ (2M, Black)",Computers&Accessories|Accessories&Peripherals|Cables&Accessories|Cables|USBCables,64,399,1099,4.1,2685
B0859M539M,"TP-LINK AC1300 Archer T3U Plus High Gain USB 3.0 Wi-Fi Dongle, Wireless Dual Band MU-MIMO WiFi Adapter with High Gain Antenna, Supports Windows 11/10/8.1/8/7/XP/MacOS",Computers&Accessories|NetworkingDevices|NetworkAdapters|WirelessUSBAdapters,43,1699,2999,4.4,24780
B08RX8G496,"LRIPL Mi Remote Control with Netflix & Prime Video Button Compatible for Mi 4X LED Android Smart TV 4A Remote Control (32""/43"") with Voice Command (Pairing Required)","Electronics|HomeTheater,TV&Video|Accessories|RemoteControls",40,655,1099,3.2,285
B002SZEOLG,"TP-Link Nano USB WiFi Dongle 150Mbps High Gain Wireless Network Wi-Fi Adapter for PC Desktop and Laptops, Supports Windows 10/8.1/8/7/XP, Linux, Mac OS X (TL-WN722N)",Computers&Accessories|NetworkingDevices|NetworkAdapters|WirelessUSBAdapters,44,749,1339,4.2,179692
B08CS3BT4L,Kodak 80 cm (32 inches) HD Ready Certified Android LED TV 32HDX7XPRO (Black),"Electronics|HomeTheater,TV&Video|Televisions|SmartTelevisions",23,9999,12999,4.2,6088
B00RFWNJMC,Airtel DigitalTV DTH Remote SD/HD/HD Recording Compatible for Television (Shining Black ),"Electronics|HomeTheater,TV&Video|Accessories|RemoteControls",61,195,499,3.7,1383
B082T6GXS5,"AmazonBasics New Release Nylon USB-A to Lightning Cable Cord, MFi Certified Charger for Apple iPhone, iPad, Silver, 6-Ft",Computers&Accessories|Accessories&Peripherals|Cables&Accessories|Cables|USBCables,52,999,2100,4.5,5492
B09CMQRQM6,"Ambrane Fast 100W Output Cable with Type-C to Type-C for Mobile, Laptop, Macbook & Table Charging, 480mbps Data Sync Speed, Braided Cable, 1.5m Length (ABCC-100, Black-Grey)",Computers&Accessories|Accessories&Peripherals|Cables&Accessories|Cables|USBCables,44,499,899,4.2,919
B005LJQMCK,"BlueRigger Digital Optical Audio Toslink Cable (3.3 Feet / 1 Meter) With 8 Channel (7.1) Audio Support (for Home Theatre, Xbox, Playstation etc.)","Electronics|HomeTheater,TV&Video|Accessories|Cables|OpticalCables",31,416,599,4.2,30023
B09C6H53KH,"Duracell Type-C To Micro 1.2M braided Sync & Charge Cable, USB C to Micro Fast Charge Compatible for fast data transmission (Black)",Computers&Accessories|Accessories&Peripherals|Cables&Accessories|Cables|USBCables,47,368,699,4.2,387
B0BB3CBFBM,VU 138 cm (55 inches) Premium Series 4K Ultra HD Smart IPS LED TV 55UT (Black),"Electronics|HomeTheater,TV&Video|Televisions|SmartTelevisions",54,29990,65000,4.1,211
B08QSDKFGQ,"Zoul USB Type C Fast Charging 3A Nylon Braided Data Cable Quick Charger Cable QC 3.0 for Samsung Galaxy M31s M30 S10 S9 S20 Plus, Note 10 9 8, A20e A40 A50 A70 (1M, Grey)",Computers&Accessories|Accessories&Peripherals|Cables&Accessories|Cables|USBCables,69,339,1099,4.3,974
B08PV1X771,Samsung 80 cm (32 inches) Wondertainment Series HD Ready LED Smart TV UA32TE40AAKBXL (Titan Gray),"Electronics|HomeTheater,TV&Video|Televisions|SmartTelevisions",26,15490,20900,4.3,16299
B07YTNKVJQ,MI Xiaomi USB Type C HYperCharge Cable 6A 100cm Sturdy and Durable Black Supports 120W HyperCharging,Computers&Accessories|Accessories&Peripherals|Cables&Accessories|Cables|USBCables,62,499,1299,4.3,30411
B0117H7GZ6,GENERIC Ultra-Mini Bluetooth CSR 4.0 USB Dongle Adapter for Windows Computer ( Black:Golden),Computers&Accessories|NetworkingDevices|NetworkAdapters|WirelessUSBAdapters,38,249,399,3.4,4642
B09XJ1LM7R,7SEVEN® Compatible for Tata Sky Remote Original Set Top HD Box and Suitable for SD Tata Play setup Box Remote Control,"Electronics|HomeTheater,TV&Video|Accessories|RemoteControls",50,399,799,4.3,12
B084N133Y7,"Belkin Apple Certified Lightning To Type C Cable, Fast Charging For Iphone, Ipad, Air Pods, 3.3 Feet (1 Meters)    White",Computers&Accessories|Accessories&Peripherals|Cables&Accessories|Cables|USBCables,25,1499,1999,4.4,1951
B088Z1YWBC,"EGate i9 Pro-Max 1080p Native Full HD Projector 4k Support | 3600 L (330 ANSI ) | 150"" (381 cm) Large Screen | VGA, AV, HDMI, SD Card, USB, Audio Out | (E03i31 / E04i32) Black","Electronics|HomeTheater,TV&Video|Projectors",41,9490,15990,3.9,10480
B07VSG5SXZ,"ZEBRONICS HAA2021 HDMI version 2.1 cable with 8K @ 60Hz, 4K @ 120Hz, eARC & CEC support, 3D compatible, 2 meters length, 48Gbps max and Gold-plated connectors","Electronics|HomeTheater,TV&Video|Accessories|Cables|HDMICables",58,637,1499,4.1,24
B08RWCZ6SY,7SEVEN® Compatible for Sony Bravia LCD LED UHD OLED QLED 4K Ultra HD TV remote control with YouTube and NETFLIX Hotkeys. Universal Replacement for Original Sony Smart Android tv Remote Control,"Electronics|HomeTheater,TV&Video|Accessories|RemoteControls",56,399,899,3.9,254
B07KSB1MLX,AmazonBasics Digital Optical Coax to Analog RCA Audio Converter Adapter with Fiber Cable,"Electronics|HomeTheater,TV&Video|Accessories|Cables|OpticalCables",32,1089,1600,4,3565
B081FG1QYX,"Wayona Type C Cable Nylon Braided USB C QC 3.0 Fast Charging Short Power Bank Cable for Samsung Galaxy S10e/S10+/S10/S9/S9+/Note 9/S8/Note 8, LG G7 G5 G6, Moto G6 G7 (0.25M, Black)",Computers&Accessories|Accessories&Peripherals|Cables&Accessories|Cables|USBCables,66,339,999,4.3,6255
B08R69WBN7,"Pinnaclz Original Combo of 2 USB Type C Fast Charging Cable, USB C Data Cable for Charging and Data Transfer Smart Phones White 1.2 Meter Made in India (Pack of 2)",Computers&Accessories|Accessories&Peripherals|Cables&Accessories|Cables|USBCables,70,149,499,4,7732
B0B3RHX6B6,Ambrane BCL-15 Lightning Cable for Smartphone (1.5m Black),Computers&Accessories|Accessories&Peripherals|Cables&Accessories|Cables|USBCables,63,149,399,3.9,57
B084N18QZY,"Belkin USB C to USB-C Fast Charging Type C Cable, 60W PD, 3.3 feet (1 meter) for Laptop, Personal Computer, Tablet, Smartphone - Black, USB-IF Certified",Computers&Accessories|Accessories&Peripherals|Cables&Accessories|Cables|USBCables,29,599,849,4.5,577
B081NHWT6Z,LOHAYA Television Remote Compatible with Samsung Smart LED/LCD/HD TV Remote Control [ Compatible for All Samsung Tv Remote Control ],"Electronics|HomeTheater,TV&Video|Accessories|RemoteControls",75,299,1199,3.9,1193
B07JPJJZ2H,"Wayona Nylon Braided Lightning USB Data Sync & 3A Charging Cable for iPhones, iPad Air, iPad Mini, iPod Nano and iPod Touch (3 FT Pack of 1, Grey)",Computers&Accessories|Accessories&Peripherals|Cables&Accessories|Cables|USBCables,69,399,1299,4.2,13120
B09JKNF147,Electvision Remote Control Compatible with Kodak/Thomson Smart led tv (Without Voice) Before Placing Order for verification Contact Our coustmer Care 7738090464,"Electronics|HomeTheater,TV&Video|Accessories|RemoteControls",83,339,1999,4,343
B0B9959XF3,Acer 80 cm (32 inches) S Series HD Ready Android Smart LED TV AR32AR2841HDSB (Black),"Electronics|HomeTheater,TV&Video|Televisions|SmartTelevisions",46,12499,22990,4.3,1611
B09PNR6F8Q,"realme 10W Fast Charging Micro-USB Cable (Braided, Black)",Computers&Accessories|Accessories&Peripherals|Cables&Accessories|Cables|USBCables,38,249,399,4,6558
B07M69276N,"TP-Link AC1300 USB WiFi Adapter (Archer T3U) - 2.4G/5G Dual Band Mini Wireless Network Adapter for PC Desktop, MU-MIMO Wi-Fi Dongle, USB 3.0, Supports Windows 11,10, 8.1, 8, 7, XP/Mac OS 10.15 and earlier",Computers&Accessories|NetworkingDevices|NetworkAdapters|WirelessUSBAdapters,44,1399,2499,4.4,23169
B0B1YZ9CB8,Acer 139 cm (55 inches) I Series 4K Ultra HD Android Smart LED TV AR55AR2851UDFL (Black),"Electronics|HomeTheater,TV&Video|Televisions|SmartTelevisions",31,32999,47990,4.3,4703
B09YLYB9PB,"Ambrane 60W / 3A Fast Charging Output Cable with Micro to USB for Mobile, Neckband, True Wireless Earphone Charging, 480mbps Data Sync Speed, 1m Length (ACM - AZ1, Black)",Computers&Accessories|Accessories&Peripherals|Cables&Accessories|Cables|USBCables,63,149,399,4,1423
B08CTNJ985,"Wayona USB Type C 65W Fast Charging 2M/6Ft Long Flash Charge Cable 3A QC 3.0 Data Cable Compatible with Samsung Galaxy S21 S10 S9 S8, iQOO Z3, Vivo, Note 10 9 8, A20e A40 A50 A70, Moto G7 G8 (2M, Grey)",Computers&Accessories|Accessories&Peripherals|Cables&Accessories|Cables|USBCables,67,325,999,4.3,2651
B0BP7XLX48,"Syncwire LTG to USB Cable for Fast Charging Compatible with Phone 5/ 5C/ 5S/ 6/ 6S/ 7/8/ X/XR/XS Max/ 11/12/ 13 Series and Pad Air/Mini, Pod & Other Devices (1.1 Meter, White)",Computers&Accessories|Accessories&Peripherals|Cables&Accessories|Cables|USBCables,80,399,1999,5,5
B09LHXNZLR,"Skadioo WiFi Adapter for pc | Car Accessories, WiFi Dongle for pc | USB WiFi Adapter for pc | Wi-Fi Receiver 2.4GHz, 802.11b/g/n UNano Size WiFi Dongle Compatible Adapter,WiFi dongle for pc",Computers&Accessories|NetworkingDevices|NetworkAdapters|WirelessUSBAdapters,60,199,499,3.7,612
B0B3N8VG24,"FLiX (Beetel USB to Type C PVC Data Sync & 15W(3A) TPE Fast Charging Cable, Made in India, 480Mbps Data Sync, 1 Meter Long cable for all Andriod & all Type C Devices (Black)(XCD - FPC02)",Computers&Accessories|Accessories&Peripherals|Cables&Accessories|Cables|USBCables,71,88,299,4,9378
B08PSVBB2X,"Zoul USB C to USB C Fast Charging Cable 65W Type C to Type C Nylon Braided Cord Compatible with Macbook Oneplus 9 10R Samsung Galaxy S22 S21 Ultra Z Flip3 Macbook Air/Pro M1 Google Pixel 11'' iPad Pro 2020/2018 (2M, Grey)",Computers&Accessories|Accessories&Peripherals|Cables&Accessories|Cables|USBCables,64,399,1099,4.1,2685
B0B3MQXNFB,"FLiX (Beetel Flow USB to Micro USB PVC Data Sync & 12W(2.4A) Fast Charging Cable,Made in India,480Mbps Data Sync,Solid Cable,1 Meter Long cable for all Andriod & Micro USB Devices (Black)(XCD-FPM01)",Computers&Accessories|Accessories&Peripherals|Cables&Accessories|Cables|USBCables,71,57.89,199,4,9378
B08XMSKKMM,7SEVEN® Bluetooth Voice Command Remote for Xiaomi Redmi Mi Smart TV with Netflix & Prime Video Hot Keys XMRM-00A,"Electronics|HomeTheater,TV&Video|Accessories|RemoteControls",60,799,1999,3.3,576
B09L8DT7D6,Sony TV - Remote Compatible for Sony LED Remote Control Works with Sony LED TV by Trend Trail Speed tech & Remote hi Remote & REO India only,"Electronics|HomeTheater,TV&Video|Accessories|RemoteControls",59,205,499,3.8,313
B00GE55L22,"Storite USB 3.0 Cable A to Micro B high Speed Upto 5 Gbps Data Transfer Cable for Portable External Hard Drive - (20cm), Black",Computers&Accessories|Accessories&Peripherals|Cables&Accessories|Cables|USBCables,57,299,699,4.1,2957
B0162K34H2,"boAt LTG 500 Apple MFI Certified for iPhone, iPad and iPod 2Mtr Data Cable(Space Grey)",Computers&Accessories|Accessories&Peripherals|Cables&Accessories|Cables|USBCables,15,849,999,4.1,6736
B0B8SRZ5SV,"AmazonBasics USB C to Lightning Aluminum with Nylon Braided MFi Certified Charging Cable (Grey, 1.2 meter)",Computers&Accessories|Accessories&Peripherals|Cables&Accessories|Cables|USBCables,53,949,1999,4.4,13552
B07CWNJLPC,"AmazonBasics Double Braided Nylon USB Type-C to Type-C 2.0 Cable Smartphone (Dark Grey, 3 feet)",Computers&Accessories|Accessories&Peripherals|Cables&Accessories|Cables|USBCables,58,499,1200,4.3,5451
B00NH12R1O,"Amazon Basics USB 3.0 Cable - A Male to Micro B - 6 Feet (1.8 Meters), Black",Computers&Accessories|Accessories&Peripherals|Cables&Accessories|Cables|USBCables,38,299,485,4.3,10911
B0B8SSC5D9,"AmazonBasics USB C to Lightning Aluminum with Nylon Braided MFi Certified Charging Cable (Grey, 1.8 meter)",Computers&Accessories|Accessories&Peripherals|Cables&Accessories|Cables|USBCables,53,949,1999,4.4,13552
B08WKG2MWT,"Wayona Usb C 65W Fast Charging Cable Compatible For Tablets Samsung S22 S20 S10 S20Fe S21 S21 Ultra A70 A51 A71 A50S M31 M51 M31S M53 5G (1M, Black)",Computers&Accessories|Accessories&Peripherals|Cables&Accessories|Cables|USBCables,66,379,1099,4.3,2806
B0B466C3G4,Karbonn 80 cm (32 inches) Millenium Bezel-Less Series HD Ready Smart LED TV KJW32SKHD (Phantom Black),"Electronics|HomeTheater,TV&Video|Televisions|SmartTelevisions",53,8990,18990,3.9,350
B005LJQMZC,"BlueRigger Digital Optical Audio Toslink Cable (6 Feet / 1.8 Meter) With 8 Channel (7.1) Audio Support (for Home Theatre, Xbox, Playstation etc.)","Electronics|HomeTheater,TV&Video|Accessories|Cables|OpticalCables",76,486,1999,4.2,30023
B07MDRGHWQ,VW 60 cm (24 inches) Premium Series HD Ready LED TV VW24A (Black),"Electronics|HomeTheater,TV&Video|Televisions|StandardTelevisions",48,5699,11000,4.2,4003
B07DC4RZPY,"Amazon Basics USB A to Lightning MFi Certified Charging Cable (White, 1.2 meter)",Computers&Accessories|Accessories&Peripherals|Cables&Accessories|Cables|USBCables,65,709,1999,4.1,178817
B0B15GSPQW,Samsung 138 cm (55 inches) Crystal 4K Neo Series Ultra HD Smart LED TV UA55AUE65AKXXL (Black),"Electronics|HomeTheater,TV&Video|Televisions|SmartTelevisions",32,47990,70900,4.3,7109
B08GJNM9N7,LOHAYA Television Remote Compatible for VU LED LCD HD Tv Remote Control Model No :- EN2B27V,"Electronics|HomeTheater,TV&Video|Accessories|RemoteControls",75,299,1199,3.7,490
B09C6FML9B,"Duracell Micro USB 3A Braided Sync & Fast Charging Cable, 3.9 Feet (1.2M). Supports QC 2.0/3.0 Charging, High Speed Data Transmission - Black",Computers&Accessories|Accessories&Peripherals|Cables&Accessories|Cables|USBCables,47,320,599,4.1,491
B0B65MJ45G,"Zebronics CU3100V Fast charging Type C cable with QC 18W support, 3A max capacity, 1 meter braided cable, Data transfer and Superior durability (Braided Black + White)",Computers&Accessories|Accessories&Peripherals|Cables&Accessories|Cables|USBCables,75,139,549,3.9,61
B08P9RYPLR,"FLiX (Beetel) USB to iPhone Lightning Textured Pattern Data Sync & 2A Fast Charging Cable, Made in India, 480Mbps Data Sync, Tough Cable, 1 Meter Long USB Cable for Apple Devices (Black)(XCD-L102)",Computers&Accessories|Accessories&Peripherals|Cables&Accessories|Cables|USBCables,48,129,249,4,9378
B0B6F8HHR6,MI 108 cm (43 inches) 5A Series Full HD Smart Android LED TV L43M7-EAIN (Black),"Electronics|HomeTheater,TV&Video|Televisions|SmartTelevisions",31,24999,35999,4.2,32840
B084MZXJN6,"Belkin Apple Certified Lightning to USB Charge and Sync Cable for iPhone, iPad, Air Pods, 39.6 inch (100cm) – Black",Computers&Accessories|Accessories&Peripherals|Cables&Accessories|Cables|USBCables,41,999,1699,4.4,7318
